F1_weighted,F1_macro,Confusion_matrix,Per_class_metrics,Weights_used
0.8333899699918819,0.5901421239071563,"[[28, 2, 1], [5, 9, 0], [47, 22, 264]]","{'negative': {'precision': 0.35, 'recall': 0.9032258064516129, 'f1-score': 0.5045045045045045, 'support': 31.0}, 'neutral': {'precision': 0.2727272727272727, 'recall': 0.6428571428571429, 'f1-score': 0.3829787234042553, 'support': 14.0}, 'positive': {'precision': 0.9962264150943396, 'recall': 0.7927927927927928, 'f1-score': 0.882943143812709, 'support': 333.0}, 'accuracy': 0.7962962962962963, 'macro avg': {'precision': 0.5396512292738708, 'recall': 0.7796252473671829, 'f1-score': 0.5901421239071563, 'support': 378.0}, 'weighted avg': {'precision': 0.9164327461497274, 'recall': 0.7962962962962963, 'f1-score': 0.8333899699918819, 'support': 378.0}}","[0.004878048785030842, 0.008196720853447914, 0.00045599634177051485]"
