F1_weighted,F1_macro,Confusion_matrix
0.8333899699918819,0.5901421239071563,"[[28, 2, 1], [5, 9, 0], [47, 22, 264]]"
